10000,50d3553a-031b-4d86-bf61-674a8d221cf0
10001,768b55c4-5417-46c5-83b2-e04a90606459
10002,375406ae-9491-4d92-b62b-2bdb740c4102
10003,b3212ac6-6263-4dbf-a531-a5e397623a13
10004,39ad148d-efd6-4063-afe9-b6a114fe9c11
10005,b3259417-66e8-4f16-a7f2-0df0cf24a4aa
10006,881faad1-a484-4d39-b23a-bb5e90b1a2d7
10007,47713a8b-025a-4b50-9307-68e29caa29bd
10008,14478291-67df-4b5b-8c98-45d91e0b71dc
10009,6b773dda-eaa8-4f7d-b869-fc5f3acadd17
10010,bf43761e-ee67-4c40-815a-7c787e335973
10011,73ac2033-43da-409f-b9ee-5e2ad3d01fa9
10012,b70e8dc4-224d-4bb5-b877-5578fd82bb25
10013,c2a263e3-3f9c-4c9c-ad9a-389cfed66c03
10014,b2a8bae3-242e-4ec6-b922-5e6f32fb4e69
10015,661e8187-5413-4174-b177-db9804c3d4a9
10016,08eebcb1-0791-4336-9029-1c8b6c85e3cc
10017,020df2a7-cff9-458b-a3fb-af7ab86995d9
10018,895d25f7-0931-4548-845c-67f9eda1f402
10019,1e754c89-01b6-4f16-9b24-dd3ba18d82e1
10020,544e7130-9ea0-46b3-b9c2-d9dacda0b973
10021,2f2df4c8-97a3-43a5-be0d-d7e425a7726c
10022,ddce7eaa-95fd-4fb3-b297-394793d5192f
10023,554e3bb6-5533-4743-b129-c43846a5e013
10024,317d11a9-11dd-43ab-98d5-0c6f1eb52550
10025,3f5bcb6f-226f-490a-9af9-9fa48b330623
10026,c02bd3e5-81e6-439c-a7c4-eeeb565bdf31
10027,f67c224b-eb36-4c2b-83a6-f2853448a8d8
10028,6f7f9be9-3c4d-4eba-bc42-e5dfc0b1474d
10029,371fe36e-f4f4-4633-9eca-c723a26f54f2
10030,0d0f7beb-5225-433e-ab24-902acd8b5a82
10031,f4ee8483-cd08-47f0-a397-6bb824089bb8
10032,20a36b1c-e1b1-496d-8c93-e09e8660f4ae
10033,b36ee9b0-2d46-4341-baea-27e053429547
10034,191cfdd2-0805-43e7-8b39-57833ce8606b
10035,b2114f8f-b13d-4258-85c0-728cbafe48f3
10036,4431c039-ee6c-4e2e-98c8-388db36cf489
10037,d63d1436-049a-4f57-a561-74fcc2e6b434
10038,0a8c0fa4-25bc-453d-8d23-70d2c1a10cf9
10039,7a07cf8c-cc1e-42d7-891c-53081c239ff8
10040,91a7824a-4bb3-4067-8337-8335e2a43cd5
10041,8c96110b-61e5-48d2-84bc-e420c7591c65
10042,02bc817e-c8ca-414f-abf5-6de15218efdc
10043,73426f53-57bc-41ec-a73c-a9ce4db37c1b
10044,32873fa7-b9f2-44e4-af0b-ee591dcf08e8
10045,843c33aa-4dc0-416a-a83b-42cdae2f870f
10046,63f9ce79-fd97-4186-a3b2-d56a0fa75d3a
10047,0d30942c-9715-4e2a-a4c2-8a5e73f0c275
10048,94a25ee0-5bf6-4aae-83d1-c9cb26b1eb70
10049,f5dd3f59-fd95-4455-8887-17d504046711
10050,633ffa77-cdaa-4e36-9f89-32c6e9d431c0
10051,1b50deb6-642e-4245-afa5-0e3934ff1d9b
10052,895721f5-b716-4210-b4a4-82ecd8ceaf05
10053,f9b604f0-fb86-4b53-96c2-f3438f661f84
10054,d52a6b0d-935d-4eff-b6f7-fa1d6788721c
10055,4d80a2e2-b511-402e-9934-8972d5e71db3
10056,48a50a8d-19dc-4317-859d-992e584b4a54
10057,101a2361-7187-4632-9b8c-a2de2a508261
10058,288e0ca4-3e63-4861-ba38-14c620d000e1
10059,f77588e0-4ed5-4d75-80f8-618faaca1ec8
10060,91860e16-9af1-4b98-8a8f-845eb3aaed24
10061,5e52745a-0cea-4e50-a144-533ae10b49cf
10062,742d5480-a9ed-4f03-971e-d5b916bf34df
10063,caa9037b-042d-47ad-a453-6c80dd485f67
10064,32ae4997-2543-4550-a70a-17f2d33b9cc4
10065,c55ed195-57bb-4497-8ad8-022345b57127
10066,9eba3b9b-376c-4b19-8d9c-a7abbbbe4237
10067,7f997ee7-5494-4dec-9846-8730a4f47f11
10068,203e79e3-bfcd-4092-b1c5-87c778b4e3f3
10069,4f16c9f8-a80f-49d5-ad7a-1fd06f940200
10070,c02d49e2-7d60-4dff-bd97-b721e328f510
10071,534e92fa-eeaf-497f-92c8-ba01cae82bde
10072,8095de71-c5b2-4ff0-9443-fbfcf019cb92
10073,e890ac08-fd88-46a8-8d0f-eb6dd47cb0e5
10074,4f14128b-bd05-429d-a3cb-34ff4efd4966
10075,444bfdef-22ad-45fe-9eb9-f8bb2f3f5ec9
10076,ffff35ff-d8db-42a0-82b8-ec4e6b019a9a
10077,a385e652-3a95-4a78-900f-5e7200a7660d
10078,670f28d3-e452-4ca2-a9f8-bf29a2dd042f
10079,270e26c3-b96a-4266-868f-1964071717e4
10080,bc0a2ebb-7ef8-4b5e-ab10-0857fa0f376e
10081,466a088e-4cce-43bf-9ffe-a9b2153ad071
10082,3d5aafb2-0371-4ec5-b726-cbbc9c06cc71
10083,3099e0ed-a85f-4459-84d8-195ff13b5819
10084,91bf6c95-7cb5-4d33-80bf-9b66f98dc8c3
10085,1e04e192-2aa3-4216-ada8-d94249050bc2
10086,e445b9a6-8240-41a8-a929-c06004592670
10087,93ef4ded-677b-49a3-b61e-b729bbab3919
10088,8a3439dc-e78d-4c83-b932-4b9ac3ca0e86
10089,4e3603f9-ff30-4c1e-b422-26c4b7915582
10090,9252a98b-4911-4bbf-8e6f-e58f9f9d20d5
10091,fc80d372-9a59-4f9f-8e2c-d6902c93ede8
10092,d57e404e-a203-4830-a8c3-57179e4ffb71
10093,af54e2df-12a6-4b58-93cc-56cd239fa70a
10094,689765c2-3dcd-48d2-9c20-9f827e991689
10095,0746de66-ad37-4308-aefe-7dae133786fa
10096,cb546790-3d9f-4a51-b534-dec3c81fb6d0
10097,8be2e5b9-e963-4eeb-a6e3-7534349aecc0
10098,3902d45d-8459-4e2e-973c-b14c94cfb578
10099,20b54987-6e1b-4c0c-a674-31937869005b
10100,cde638b1-6c78-40b3-8e64-ab502a90c707
10101,6e5f57c8-ab17-40a2-9947-a201090163e9
10102,cc7226cf-c3f6-4c70-ac4e-5a256a39d60f
10103,ea48a43f-1ad0-47e8-bfb3-2e06606a6cbe
10104,ce2bcfab-58dd-4b4e-afe8-dc96de128bc1
10105,69a4510f-a2cb-48c5-9b4c-cf7b4cf99a74
10106,86d20d8b-3915-4f86-8ab5-72eba726e15a
10107,f9823f74-8f71-41c2-a90c-48d5a06d2640
10108,38141129-7b22-4418-8594-87d388e42fc7
10109,4e56b028-5618-44b2-914c-480fcf40e95a
10110,b9ac171e-d9df-4f3b-b848-e6758dbc6d51
10111,2f666bce-d3e7-48ba-95f1-5815e8ba60ce
10112,02ea238c-06e9-4f1f-897d-73236bbf98a1
10113,0218c04f-d8e9-4d1c-b754-6e052b0fbc2f
10114,a4b46373-412d-4619-8ee3-2265f82d62e3
10115,3158fc6a-fccb-48d3-95d8-b0978fc4508b
10116,6c35553c-448e-4afd-a01d-d4ece289ddfa
10117,964017fb-1106-409e-95a8-eefe750be5ed
10118,0256e531-5827-4a0d-b348-dfb2c02a2e2d
10119,2c0e7726-e13c-4153-951f-3f8d37d047c0
10120,a237b710-452f-4011-b802-a94326ad8236
10121,44bfa87e-c7d6-4416-952b-cdaa558b9f00
10122,cc2eadd4-7110-4cdc-83f0-5cb2788b7987
10123,6e606572-a6b2-4aae-89d1-087ac179992c
10124,b243ee42-2519-41c4-8c8e-607fa1ffd0a6
10125,b1171768-c91f-4ff1-b73d-f988e0f38722
10126,4c2ccc34-d194-444d-b7c2-9e17124babf9
10127,0f666ef3-9d5e-459d-9930-69bf4cd153a1
10128,1b3596ae-9ef5-4630-93a6-2b4a9d81fa45
10129,e55cc26e-0400-4db6-ba46-adfdf5b7ba53
10130,f95544e3-ff1e-4ec7-a187-b4e9b490ff4e
10131,3dd9b960-56f0-49dd-8c39-a2dd62ac013c
10132,4193d671-b9e5-49aa-97b7-c269706cb4b5
10133,6a420136-84f3-47a6-ac32-4ca2833cf5c4
10134,6ed87663-19a9-44b1-b3bf-b2f50475c573
10135,6debf29e-d27f-4963-a71b-218fbc47b135
10136,db5e5505-5f56-4054-8d7c-49fa8a011276
10137,006e12cf-09ce-4916-bc5a-a09dc38f1fc5
10138,454f483d-1cb8-48f9-8ff6-28ec3523eb46
10139,b22b72e6-a702-4fa0-8490-94a476ee87a8
10140,e6d48f77-e410-4f4b-88e7-4780d2549588
10141,2e432c5f-8056-4161-9d92-221a663d8d26
10142,f1b3cfb6-4a6d-446a-9b41-7275f278f5e9
10143,341d9461-b70b-4279-b549-6b86608de5e9
10144,eb3c58a1-7f10-4e29-b5e1-282858983b4b
10145,9b5d9329-611a-4df7-8865-db6ab70fb8f8
10146,f29f8271-e17e-46d6-92a7-88542e2b29e9
10147,8c01e917-9955-4d43-8cc5-13bc63491db3
10148,490dd5e6-8782-4c9b-9a50-a567ae2aeb1d
10149,6e2cbf81-913a-43c7-9d91-99d80209e6d8
10150,0f790e7b-ca3e-4aa0-b25a-563a96ff4bdc
10151,6e0e1b0d-170f-41ae-abc6-c2f6a07932d9
10152,e5146684-0962-4676-85f2-49d2653a15ff
10153,a1baecfb-bdcf-4a1b-9186-77b02804cf0a
10154,ae38a6df-9bd2-4ed7-85b7-66fe146b8720
10155,3d385f61-2f13-4b3f-9434-e95e91dc3758
10156,e01e19e5-0e72-47d0-aa6f-4d1d5c41d8d7
10157,ac4f982c-c7ed-4879-99eb-eac089910799
10158,5b1e11f0-f86d-4919-be55-1182e222a20f
10159,4d8dbdc6-9337-4395-a95c-c8415e20b7ac
10160,9faa2149-9638-44db-8f5b-b10e5ca2153b
10161,0e59ea22-b046-4a51-9331-a2438a3d9e71
10162,a662f7de-72e1-40e8-b7e7-a1f209be281d
10163,74b15550-379f-45b6-b83f-d77572baa661
10164,22222abc-18ce-4a7c-9c6e-9a3e786f9a5e
10165,e25fc501-7d07-4cd9-bcc7-71eb1feda064
10166,ed810154-657d-4dd0-8a26-c832f2a54670
10167,996a60f1-9384-44df-b1c2-adec6d48298a
10168,cd1ad71b-1031-420b-af69-0bf0604a5b26
10169,bfde7b74-634b-451c-b4d2-0706e7b7d313
10170,908e00ac-71ed-4085-9320-e638f5281bcf
10171,0ab91cef-e7ba-425d-abdc-a7a36e2a0983
10172,f8ba16d2-b6c0-4554-b9fe-f45e1c571c65
10173,0b650e38-0be9-4e94-be5e-8f0cbacfcfc2
10174,a1035143-ea70-4520-bcf2-51c00640b4ea
10175,f58192e4-42fe-4895-8464-71570228c556
10176,da5fe617-b82e-48b8-b532-dd5fd7244b52
10177,1a6c55ba-2646-477b-bffe-161b7cb2b2b3
10178,d33bbd8f-409d-4f92-a533-016b96fe2452
10179,06ea19ca-093b-477e-9fe1-178e46a8ddee
10180,28a949e8-785e-49db-8bec-90b060387ca5
10181,0a6cb50f-db4b-46d4-8cae-ceca8f5a5b95
10182,1734335c-edfb-48ce-a799-060ff5d11adc
10183,eb76a103-3512-417d-a156-259613a282bf
10184,7745e0ae-170f-4102-8f00-c55bbdae918e
10185,8f08931b-e804-44c1-9417-88f4393b7f49
10186,5ca48764-03ea-403d-9d2c-b6f0e305e32f
10187,2554734d-09a3-4c08-b0a4-3caa8d05845f
10188,1bb21900-026f-4a5f-8935-d6597d0817c2
10189,ab790894-7005-41fb-9e78-7394c1061801
10190,d5d3e55d-418e-44c2-9689-98598f215b65
10191,b8a5c36f-b28a-47dc-9938-aad558ab986f
10192,c784f846-7f54-4184-ad02-a000909c8d59
10193,45a44ba3-8161-4c45-ac49-b271872f5a50
10194,08d782a7-d984-4634-9023-7ad2d2584281
10195,bede96ff-cc0c-42c8-82f5-d97d66bc67de
10196,7f1d4f1a-bed2-40de-8973-0e239fc31907
10197,8ab9c5da-2011-4344-a289-4bc1480980cd
10198,ad7c44d1-2dea-4fcf-a1bc-61e275486781
10199,4ba9201a-2205-454b-9255-5af507aad88c
10200,76213703-ffa4-42cb-bcc1-bf9f14a949d3
10201,41e4962a-06ce-4552-a2ec-a6165fb6527b
10202,2d5db0b4-ac89-46b9-a004-c3ed2f2ff717
10203,96e4657e-9a27-4987-b812-3cf6c4cd0f6b
10204,21971430-0363-4551-b0d8-d8e6ca263bad
10205,f6d98b9e-5b65-460b-8de5-0bee9aee1c62
10206,e4401e5d-9a45-4016-8c6d-90812ef96575
10207,1d38242f-150a-4a40-ab81-bd24f4a58846
10208,5d0325f3-30b4-4179-bf27-238b612c2390
10209,48a2302d-e32b-44f9-aaa4-6e0bdee86490
10210,e373e571-c396-48ef-9a80-346d9747a41e
10211,c5f0b635-5527-4ef7-a518-5e828810d610
10212,b8c4e737-02d3-46e2-a387-f15e77b77388
10213,d8ac4421-7bd3-4714-b7dc-d516e24f7911
10214,6028900f-a16e-4b19-9248-cf0c95b06cbf
10215,97c52727-ab17-46a8-aea9-2c69d95b11aa
10216,ad655953-0290-4b69-92a8-5b979384f00d
10217,44c61c3f-90f1-43ac-9592-1834b8610c28
10218,1d7d301e-3550-439c-bd44-5f28df11b1eb
10219,9ed707c8-4ef5-424b-b397-5719b206fcec
10220,7e1681fb-8606-486f-9acc-9c7706b0eaee
10221,905455a8-2377-48e6-b603-17ece53d4e62
10222,d303354a-1b9a-4484-8638-01ee47797844
10223,1ac23fb0-3363-4b40-9c34-2f802d327254
10224,2458547b-6fbc-4770-8d38-522d61c672fa
10225,3056d470-8dfe-4d9e-b5b1-f6565b70c749
10226,8a43e8d2-7eb3-4675-8aad-b67700ef0570
10227,9e78d721-02ee-4cd3-99a3-b99ee9d590c7
10228,d4b9b23d-1f79-4b0e-9405-c34e306ff51a
10229,bd9788d7-4536-4363-8ebe-9e78f4e58c2d
10230,3f159fff-8fab-4d36-85ce-c035eb19cba0
10231,11cba151-07dc-4237-b869-7dd8698881cf
10232,e5276fe8-08bf-4456-bd25-7398146183a2
10233,2ccf5141-5cbf-444f-9008-c970090763d8
10234,d94327a2-0afc-4ed2-9de9-aafd578f919b
10235,bc6891f5-a9d3-44a9-8e0e-79eb93dbb883
10236,bfcfbdf4-aecb-4e1e-9810-65eb2c3c7acf
10237,75b0beeb-8c5d-4b06-92b7-c603ee787865
10238,11cb8aff-76bb-4a6a-9471-b33e3f27a2e9
10239,50c7c65a-04be-4aff-be2b-9787a8a6e9e4
10240,9e2d4e6f-01b0-4214-9218-13de0bb2f4ba
10241,c358e638-1171-454a-8025-f2b143698952
10242,bd1fd062-6ad6-4d76-898d-d7cf76200af6
10243,6953288e-4460-48e7-8e07-402531845e83
10244,9bef1c0f-b233-4320-a85a-0eaa684a7351
10245,86d1078a-2ac1-49df-b93d-19240ca2cd9d
10246,a7960d0b-8db3-48f8-a513-5f685a2b5073
10247,eaf862b4-cf18-464c-8b65-3fcbf75289d5
10248,3a491968-d47c-407d-8694-d246937f816f
10249,0b47d6df-c5a0-4305-b316-010a47bce7b3
10250,40becec4-c2ca-4b70-9f3e-c67281bec1d6
10251,35054784-06aa-4eb5-a419-901dd273f34c
10252,b21fe9fd-8924-4032-8429-ec160fbb4341
10253,47004b99-77c2-4d2f-b488-0c754457a660
10254,1afd385c-e685-462e-88cf-b58018fb1b46
10255,4391f37d-0a14-42bc-b1f6-865b2bc37853
10256,2772e1d3-92c4-4432-a979-5a46673f7342
10257,b8485c5f-328b-40c3-a66e-1c643657e690
10258,0a9e2675-b9b1-42ba-aea1-dd6314745d5a
10259,149a4c6d-212d-436b-804d-d987d9b724cc
10260,c16634d4-2e24-4ef7-adfa-c65c7b2e6467
10261,fd063ef0-5c1e-4204-bf10-e74cd814fe06
10262,6aeb21fe-ff43-4ca3-a2e9-53180920ddff
10263,635d7653-149a-4070-8c92-d023d0f79a20
10264,ec2a4603-93b9-4944-8b48-27f3397fc8bd
10265,8fe24320-7456-4c8e-a256-0aeaf3526be6
10266,25b44257-8c13-4364-b523-463bb63152af
10267,c357f4a8-32cc-4442-a910-68e11dc595a7
10268,1b317aef-99ad-40d8-a9f8-f9d35a4f4017
10269,236ff249-504c-4e36-88fd-f59e07d6d885
10270,4f4e8f71-8f2f-4e86-93b3-9ca322c69e60
10271,b0d51a8c-e556-402b-a68e-3dff8c3bfe51
10272,3b196382-5896-4cd0-9000-a174bbcc71b7
10273,07d82927-36ef-4bf2-b29d-640013c2d753
10274,44a99462-6df9-4114-9987-e6da765ca4c5
10275,5f621b23-3001-4049-a871-2c6d806d930c
10276,968f6df2-527d-46b9-aea6-10304b351892
10277,354928f0-891a-440a-946f-4a922a265751
10278,c4f17da4-8dc9-4bd1-a997-d46d6e1c1dd8
10279,1c685275-d72e-4f1d-ac32-41d3eeeae66d
10280,4ba6b025-3bce-4061-b973-bbaa567e5987
10281,fbb5880b-7795-40a7-b37b-1c00d18d36a6
10282,8f530566-3122-49fd-b71d-4dec68fa3649
10283,df9f9eba-ef66-4202-99f3-673aead8c824
10284,1848315f-6bc2-4955-9a9e-10c45ffc13d2
10285,e0609c8b-3668-47f6-9fe9-c92d5a9c4859
10286,fabb1f0a-5729-46ef-877c-0502c0efc320
10287,196d7d3e-bd88-4aaa-a0e2-45b3ef6ed823
10288,6e16cd93-9b3f-4007-a06c-285ca904077b
10289,f5ec6d79-bfa1-45a5-8c90-08727654646c
10290,cbcdc796-7fbe-41e6-884e-12288ead86bf
10291,a6ec12b7-1e62-4f36-b6fe-ad66adf07620
10292,1b5c5ae8-bc4e-480e-aef8-c524ebd351b1
10293,62704be5-93ae-4f4a-ae6c-8432a16a4326
10294,a203bffe-95bf-43aa-a380-6ae453f877d1
10295,eb7178e7-8b07-424c-88d6-301a20e49040
10296,7898bb9d-e8be-4d7a-a40f-523b8c0f0e5a
10297,5ea3bbe5-c2d6-4948-b5c4-c8e4e8ff6099
10298,4a4faca8-56bb-42ba-84b6-07264a334f7f
10299,a146e11e-6a9c-46fc-965e-75e88552fb35
10300,b8cd78f1-ff18-4de6-bdd8-41a23b19d707
10301,83b847e6-d33e-4186-ad78-23a691aa64b0
10302,1823a8d7-abd5-4baf-8fa0-8227040a127d
10303,ec40479f-607d-41f6-9e86-4974058b0586
10304,b4dccd83-733a-4961-ba09-5bf60e17e3ed
10305,183baf6e-9ad5-4fab-bdc1-f51cdc2ce26a
10306,e1320863-2059-4086-a795-dd76b07988ae
10307,0114e256-b928-44a8-a849-78c56e6b1b32
10308,18de2885-4577-4531-a7c3-5b6e460668a4
10309,1bbfea3c-e08f-48b7-801f-c449b6502f7c
10310,9446ca03-a210-4bd6-ae29-bd4d6aba7910
10311,9b34dbf3-4688-4386-b403-8c842484cf48
10312,8c7cae01-a1d7-4f4a-b37f-abdfb3c4f0e7
10313,d76c3f95-3948-486c-92ad-1c12a7ebfa07
10314,9215cd07-f843-4d0a-a634-fd223fcf8a41
10315,438a9eea-2267-476c-a2c9-0230c91c1c2a
10316,056380cc-beb2-4014-ac04-cac56a668a73
10317,5947a353-5459-4df6-ba4a-36aadc98d21a
10318,8b6c8a92-7209-4dfd-a129-e31a7b0a4e1e
10319,6bc4882a-ac54-440b-83ab-bb061fe1e028
10320,88c6c32c-8444-4834-91d7-003a332c1201
10321,512fdea7-4cde-46a9-8c82-121ebf4915ef
10322,597ec179-c885-42c0-b092-04f13b87fd4f
10323,08f23461-eaa0-4229-856a-4ca2d436b0e9
10324,b4f7973d-5d8c-42ab-89de-e405f55ccd5f
10325,661c5241-02e9-4b0b-b783-4740cd21e3d6
10326,703d4b1f-c885-4b87-8858-b7fc287b02d3
10327,6b86f503-3db2-4ab2-94d0-67d2872f38ea
10328,ae7c994f-ff6b-4c24-a9e6-d3093d8c4afc
10329,036283b3-2dc6-4f04-8d49-011ba28a68d2
10330,b34878ab-22e2-43c3-b202-e691ef03818d
10331,5a38c0e8-26a6-41f6-891c-0addf1205895
10332,735ab99d-aee6-40b7-aa2d-be2f7ce6d1b7
10333,195e322b-b143-430f-b82f-ca97136602e0
10334,1462f2f9-2d61-4c2b-aa76-a84c27fef424
10335,877a75e3-3c41-48ac-8f77-0b64fc1b35f5
10336,9263351a-ffce-420e-a8b5-91c9c3f74bb4
10337,fa5efdbb-68d1-4dc8-ae3c-160ef0673932
10338,dc1185f8-93c4-4552-98c7-2d660789342c
10339,3f60f0a3-5db7-4dff-b18c-9a52ade209f7
10340,09f16ba6-44a4-45f3-b832-8d5821ff516f
10341,8d694770-379e-458c-b264-96e6aadb54ee
10342,5f536cfc-da70-4522-a99d-a30955eff189
10343,3b5a47bf-cec3-450b-9528-dd196f48a3bd
10344,8e38ee76-f638-4da1-90d2-fbbd7fb04140
10345,748a6c8f-9d0f-49f1-a668-4b2df7641716
10346,033c5bef-9179-4d74-a205-6564ede85ecf
10347,0248cb45-cf74-43d8-8e70-67be44186344
10348,5237d755-5c3b-4882-a6dc-563a23369f47
10349,986cad7c-35bf-45e7-b438-629f91678317
10350,7ad9f99d-aa43-4410-bf15-c541b6b7a945
10351,5482d721-28c8-4331-b2d2-20c1c6a7b181
10352,65692605-a15c-4190-95ae-fc30b129d5fc
10353,ae7f75a9-371c-4a7a-aa22-a8be29c825ae
10354,6c9c4626-8cdf-4aaa-8a22-09b03a5b5c21
10355,7b375b91-1ab9-4702-9c98-c384cdd9294d
10356,67336fe7-6c46-4e40-8c9a-0f184714415a
10357,b5d3865e-ea14-43f9-8a4a-c63e0c278941
10358,35530ea5-ef7d-4b49-ac9d-473dee5c4786
10359,37ce13d4-1a01-44be-9074-ad448d2c8ec5
10360,15dbac35-273a-4ea9-9ef4-f3eae62829bf
10361,4928069d-6ca3-4aa0-a496-81242cbb10b8
10362,8e39ec93-e51b-4982-a41f-321b593d570a
10363,2de6097d-9d4a-42e4-9fdb-c464eb728d1f
10364,ba931bd8-ad2d-403c-ae2e-27954bef29e7
10365,f0db3ff0-c465-401a-8a39-61a92afa1da0
10366,814103de-0a13-4b58-8a07-1b31b7248e2e
10367,f019f2cc-2f66-4672-8b4a-1d5bd7c3b28e
10368,89b285fb-c770-42ff-aa9b-6377a4e40c17
10369,61419f41-d972-4d28-b33f-02734cb344b3
10370,094864aa-ccd0-4c90-a270-3225c4b54b79
10371,4d46d459-9d88-4055-a7e4-06dd0f4397fd
10372,9a4a19ba-9f02-4d37-b5e1-382ad6f564cd
10373,e65ae926-b167-48d9-af4c-28d9c3f94bb6
10374,cd0df48f-14bd-4038-8497-1ef8ba36a567
10375,c86fed9a-6f6f-435e-956f-c8cb444368ce
10376,cc83acaa-86ed-45b1-aff4-150bbb985e9c
10377,5a76041b-253c-499f-bb6b-abc1f22f5522
10378,5aa41002-cbfb-4bcb-88bd-e93f377a9ee2
10379,6692872a-b102-4d65-9012-486878fe3f13
10380,a9339a96-7d0e-4948-95ea-a73df98e5c31
10381,d7cc2bd8-b3fc-458d-9d16-9e8507fe7656
10382,ec55c306-bb6a-45ae-8b47-39b57cbd7a43
10383,c5d66bbf-84c8-4856-b51b-c643cb341553
10384,97b73c02-9570-4258-bbea-0e305382f34c
10385,10de70a4-fede-4bda-80e2-419cbb9864b9
10386,3eed67b9-5860-4a9c-a2d6-3ee9b6c6b4c4
10387,873c2636-510d-47e8-a2d3-906c1a1ed04b
10388,b8e9152c-ec4e-415d-a6c5-7c723cfcc1c0
10389,769d77cd-a510-4eef-877d-2f523da8c1e3
10390,47368bae-65a3-4bec-909e-759e23151157
10391,d06b3d4c-e28d-41af-a49a-448214af0ce2
10392,fa7ee8f9-087e-43ae-962a-db08ee06ff02
10393,bb3ddc52-52dd-483e-a152-1cb2329f405d
10394,c977d8fa-4004-4d63-8c85-b7f0251ec81f
10395,3febeba5-f4f3-4490-b9af-77da438c1f43
10396,484b0eaa-7796-4f6d-95ad-3960e1218df4
10397,110c579c-c649-45a6-b3d4-f0466fd11631
10398,99bc2522-8bae-4e4a-9657-0fb9c82e798b
10399,29936fed-cd29-4dd6-a0b8-7c717b13c7e3
10400,95460722-e5b7-4344-bded-4cefd5afaf25
10401,e30d09aa-9f34-4733-8ed5-27c7459ed10f
10402,8cf5c3df-9143-4e49-8322-e2adf06e7187
10403,abbfe877-c810-4c9f-b24d-9085a9194069
10404,8476bc55-5f90-40a4-8b4d-19238f8f7cbe
10405,835c1901-03b1-4a30-b656-9d1973603d46
10406,f2504edb-2c99-4eb8-8d7e-cb8325fb60f0
10407,3cff5654-4098-47af-ab8f-5ed2f8c23a6a
10408,7361bd70-6205-4535-a4fa-974db87cff7c
10409,a0da813a-8277-496c-8f4b-2cd5205cdcec
10410,c8778c8a-1440-4007-80be-43e5e0564ab6
10411,720f51d8-4168-417d-aa2b-6976dcff3451
10412,a5899308-7452-4e16-b7d8-ab043642ea86
10413,077a1a6e-7735-4515-8313-895f2daaf9b5
10414,b141f244-331b-41cd-8316-9d446f954701
10415,a83ac34f-0884-44df-9f77-3551c74b0efb
10416,3b55e2b1-a50f-40e7-8f73-2e597270ff30
10417,db7a5154-d00d-442e-b354-69a06965ced4
10418,239d495b-08cd-405c-bd3a-1b0a598024b4
10419,203a5ba8-918f-4604-a8a5-322da6976617
10420,d2e425f9-bf51-45fc-9719-9d35b343b5c5
10421,54ef86a8-cbfd-4119-b2b6-94604fdf7963
10422,d1ae8ddc-1b89-4c6c-8249-9670ab383b9e
10423,2fa73098-6008-40ad-ac3b-2ea36a82efcc
10424,0adf4d08-7537-49eb-96ce-3a89438033b3
10425,ace167e4-b967-4459-9f1e-6fe32e534315
10426,8d1fcdb9-186c-4ca2-a22b-d02a20a98580
10427,382173eb-d9da-4909-a3d0-e7eb754986a4
10428,7c421b47-a2ad-4859-b1ac-675eb2132139
10429,c4ee0018-b13f-467b-9cb0-c17f93145a6d
10430,9c007d7d-1803-4c11-8e87-4b0dd6b0e548
10431,92b3e167-0002-4b37-a46b-539cfd96edfc
10432,c0cdff54-7f5f-4f44-aeb5-72c4fffef34a
10433,95f15105-489b-41df-b744-3a71fd4a8715
10434,d08ef05a-a56e-4805-99f7-5c68c87e8ee2
10435,a9d27e4f-dd62-49d9-ac74-b78d3223df0d
10436,e035b836-1ea3-4a33-a977-2613695bc7f7
10437,1358ce5a-fd77-41f5-8500-ba1c70ed6506
10438,8ebff3da-fc93-414f-8f1f-34166201e4ee
10439,58fc9631-015f-4e5d-8130-04177778f075
10440,1166686a-6522-4e19-96a1-aa9f26a71d8a
10441,0f284184-ad12-411c-ad55-a91a1ef5b82e
10442,27debfde-3c3e-454b-b136-20531b659d0f
10443,4a676d4a-a32d-455b-ab01-4fc4a69d4d6e
10444,f7bffdc2-6cc4-4a90-992d-80912aa65155
10445,33a875f6-fe98-45f1-a566-5ecb3c18a631
10446,b1bb846d-ebe1-4e88-accd-97c59a432c70
10447,fed1a1d5-e60d-41cb-806c-3d8e6ef52f0f
10448,a197289a-6672-44e2-b722-a57afea6b022
10449,eaacd61b-6cee-4f15-811d-aec4f6737661
10450,4136baab-c8bf-4fb0-b0de-0928fe21b954
10451,e270a508-2a00-4a36-a326-7b86cb063841
10452,17c72af3-8e95-4a51-b167-5b60df3fa85c
10453,862ee210-1aec-461f-b00a-d52afbdcd01d
10454,62e5cdd0-9f05-4811-9b2a-0bd90c82be3b
10455,a35562db-d78d-442a-8a9c-be8017b0b61b
10456,8fe5a054-9b44-486d-a4ea-59e8371aa85e
10457,35b23aeb-855f-456f-a29d-08fb14ecf2a2
10458,e16e9f3e-0c1e-46fe-8238-126f76ebf5a8
10459,f8255908-4aaa-4266-8d1e-9c9f7c624359
10460,fbc355aa-3dc2-4ff9-a73f-3d8b5ea4b02e
10461,7ef12422-0323-40de-a572-f36c71d327ca
10462,1c60e3ff-69d2-4a42-b1dd-95e3fc0d2248
10463,c46966bd-9aff-4f68-8678-efacebf2d817
10464,a6fb58dd-a9ec-4c94-b690-34f9dc2cd05e
10465,2e971a1a-2760-45b9-8883-67afb73f1ba5
10466,70c454cd-8601-40f2-9b1b-e1fb23169d46
10467,df7be446-e3b7-4382-afdf-81bf526eee4e
10468,7b3e243e-02e6-4912-a809-1749cbafdff9
10469,7b9d372e-cca5-479d-b8a7-6a4541c39733
10470,20527f84-8b89-455c-99c7-3f4ae7cf7ccd
10471,0e71fe78-5919-4912-9806-fdeafc421927
10472,be2bd402-1d67-48e6-9d38-97a67ca74052
10473,2bdc214b-208d-47fc-af97-0809193d18c4
10474,58046a84-9759-4a4e-aa73-cce604765dbf
10475,4c28c261-c563-43b5-b2a0-6e1de77bccc8
10476,02548223-30be-4b25-ae2e-d4f8920a3924
10477,6b055a00-b1d7-4271-9d48-33124f28b992
10478,1edbf609-94ec-4b3b-9547-6819b6630580
10479,5e1069cb-c580-48ae-be42-f494e718d9cf
10480,4825f20b-fe05-4227-9f85-78f03b3c38af
10481,1883461b-2d29-4001-8efc-eb9b27c88b8a
10482,cdd95bd4-2ea9-4a5d-9047-8fc43e7f60b3
10483,27f41d83-03ba-40d1-bb05-e75cb5d622c9
10484,62585e66-73cb-4c89-8588-2d271639c74a
10485,7a482673-2089-48c0-b6d7-2b7608813ba6
10486,dc45e583-54b2-4a44-b6d2-2026eab3baf1
10487,5f002175-91f2-496d-8fff-191fcd777a9a
10488,333659fd-272d-4fb4-bbb8-8f3c25e0f60e
10489,093cb548-0175-4897-9668-3183b81623fc
10490,5c72d67a-6623-4846-b788-b016594f7ff1
10491,25134bc4-316a-44f7-ab18-776eaada9fec
10492,a8a84d6e-4c6f-4421-993d-3118f7553f98
10493,2da95c53-6791-4b68-89ba-bfbdcfe84303
10494,5775d132-5c15-42b9-a71a-9ceb83821f67
10495,745075ef-829d-4890-9572-e9b48c7578c7
10496,b6336664-68d7-45aa-bc9a-ab4a99ec4577
10497,83ee7914-f000-44af-8df9-57044cff17fc
10498,4231d86a-83d1-4fe4-8ba4-7ab9e346cee0
10499,08685c62-3fcc-43ca-a22b-c389efa3c536
10500,94b41ad4-2d42-4e4f-8812-8039a5bbf2c3
10501,9701d0c7-10ae-42a3-ba71-14bf901023ba
10502,5e683352-4395-4241-94cd-060116a9e6fd
10503,3b8d7f81-6588-4cde-9337-465dd1945767
10504,a26374f7-a284-408f-942a-10287549d183
10505,1e16ea8f-da2d-4a2a-ac35-80d2c84b24e1
10506,93068a5c-f8ec-436d-aad5-1712cb066b1f
10507,abe30e82-1683-4c0a-a2b8-e71d8098a39e
10508,4bddb271-9b3d-4055-a2dd-a58effcf6af5
10509,ca80c0f0-8697-42b2-a00e-e298b06f1f85
10510,4933e9e1-0a73-4f45-8a41-149161036c4e
10511,093ab8cf-8f3b-43cb-83cd-bb2dd2902961
10512,2077e694-4c1e-462a-ac78-ce83801deae3
10513,34dab0db-bfff-4532-a90b-daa2430a3eca
10514,7144d5ae-1ff9-456b-abf6-94545fd1dbfc
10515,97e741e6-f88c-43df-a40b-f4c34ecc3945
10516,6ba00004-c2d1-4caa-a5a5-75aa412796f8
10517,0301f8bf-ae91-4fae-864d-43e06f9b3af1
10518,9c604eca-df05-42c3-aec2-a4117d94ffdd
10519,54a6642a-5a60-4f32-bbe8-383f15a375b7
10520,38b4c465-6197-43d3-a06d-3af9d1250f71
10521,47c189b1-cdfd-48b1-810f-a2261c7f8fc7
10522,b2f37890-c9e4-421d-948b-df67f39e6df6
10523,ddc99ce9-053d-4420-af09-266c885dae45
10524,6efe7813-6f45-4ea2-8575-9260c4955751
10525,92f09d7b-ed72-422f-9b37-516ec98f3775
10526,db9a9bdb-3b61-4e5b-9053-bdcfc8c905bb
10527,0cff2307-519f-4263-837b-8cfa71b63705
10528,38c5f50f-80ea-4af0-8e70-0ad231e0e9fd
10529,f6aeab80-8176-49eb-afc6-2100ae308ef7
10530,ded81475-febd-47f7-91b5-e0d6d864ee15
10531,8bbadf1b-c10e-4299-b95a-df62717d6e6f
10532,aac515f5-7657-42e0-82a2-a089a25a7eda
10533,af8cc826-7de2-4898-9d8c-a49c969a7c28
10534,10b272d6-ee8f-4738-a261-0cb6e78ed6db
10535,59ed2fb1-bf8e-4be8-83e5-565adba04842
10536,b9bb8d50-1eef-42ad-864d-4d5ddd72bc9a
10537,e617647c-2675-41d2-ae00-5964891b4eb4
10538,c8d350ad-dec2-484f-b731-1e456f17e07a
10539,11290f29-fee7-4b5b-9732-6bc603cc2e60
10540,5f2914ac-6fca-4bfa-86e4-77e0631784c6
10541,d4eb136b-24b5-417a-9acb-e590b10d858f
10542,c3aebcda-beea-4f80-9676-be9982f3159a
10543,6f1e1d88-3c7e-45b1-8ad3-9adb06a1ca53
10544,bb167810-8e5d-4591-9a39-765f4e69067c
10545,fea2066e-490e-43f1-a560-a085202c86a2
10546,f55f769a-fe14-4e1e-88be-0d7787373d8f
10547,130a553a-31e5-4cb0-bdc9-628503f5e426
10548,4d4a23c3-dde0-4ea8-abe1-bee2e2a30bfc
10549,e38f2cdd-e45f-4f4d-9809-b4cf31b6284b
10550,72a5cc8c-707c-4ceb-b39d-7330a9b89540
10551,44064a59-d5c0-4b57-a51b-a964653c9289
10552,9bfb05dc-4507-4521-8e21-c89fc1fad67a
10553,bec56b07-3ca9-49ad-ac83-19177cdeb5ce
10554,61816303-8391-4603-a8ed-8c5b8ff04d87
10555,808116c3-0ab0-4df3-8200-172a923f50e6
10556,a0bc0022-f66a-4617-9790-65231726aa36
10557,57cb05bf-c184-4606-a4c9-8efac968c7f6
10558,76b11c7a-8004-4740-b7a0-433bcf38bbcd
10559,bca087fa-afed-420b-a64c-90c42295c94e
10560,4ecaf655-8c9f-43ca-87db-1ecd82d009f6
10561,a9d8eabc-9cd0-4d32-b975-86f13fb0c8d9
10562,402f6093-80d3-4d0a-b2ab-b4330c31b202
10563,fec48fa0-21a0-4183-9af5-0a47611af014
10564,6bc2bf4e-5917-415d-a96a-90e87995f0b3
10565,3e370214-86cd-46d9-91f1-e0035f09c191
10566,fc7f0df0-3fbe-4582-a7cd-1352560f01ac
10567,f2166630-9abe-4f4e-9eac-d4349f50c38d
10568,638371af-2c09-4ac8-8c73-538f7f5e0078
10569,056b7de9-0e45-4d4c-a64e-ddbecbd96e4f
10570,35eb5018-a1f7-4415-b356-200a9edd1252
10571,0ad005ec-822e-4e81-9f78-392f2bd4a941
10572,a05046cc-9558-4520-93ce-6b1aec94403d
10573,b5127d48-6b03-4c2a-b10e-d4a17a034ea2
10574,350c17ea-6c35-4715-ab7c-faaebf7e187a
10575,99cff97b-55ad-43af-aa86-9eb2b13eec94
10576,65a1ed44-abc2-48ca-827c-8115853a4e80
10577,aeb19388-0638-471c-9eac-73f5d1fa81bd
10578,ccdf9576-b683-4fd2-862a-63dd29690d1b
10579,41f0288d-5c7e-4d39-b534-365b356d14dc
10580,3e16571d-4494-44ff-ac92-1da46b9b5e75
10581,e3ee7e73-ced6-4b66-b3ed-56f65d75f5d5
10582,72a1e7d0-3496-4ff4-b9f3-18fcca1f893d
10583,d3efe972-8618-42a1-88b5-27fc0a2f89f5
10584,6c090898-1742-4345-b357-0047c5e16eb9
10585,6dc2e59a-e250-4a1b-86d7-ae62a6d8831b
10586,dbeb5f95-9810-4c38-900e-ab101508876b
10587,2763328a-4370-4d87-8192-c0504a139553
10588,ff55514f-5148-4a95-b718-16306bfa972a
10589,0c41ed93-cd4b-4cca-a3c4-528c1a63a242
10590,e8a5f4b0-140e-44ba-822b-e500709ac3ad
10591,0905f069-11dd-4ccc-95cb-d2c48f2c4a83
10592,ad593394-ef99-4c30-9e72-f9d2ca0a600c
10593,fe85cb00-f130-4bd1-b33a-f0b260bce7f6
10594,bfd41e3c-3323-4f6e-b1b4-3d230f0799a4
10595,c03ebee9-4e68-43b3-94e5-81d1c8d41084
10596,936cb5e6-d93d-4f6e-a77a-8813f834f2d4
10597,ee6c0f90-7c49-49b4-bd94-b73bee285fcd
10598,8f873a44-9482-49a5-9e93-331af000d444
10599,3769777b-b3ea-407f-b69b-9457aa273ef8
10600,d93e3e13-786b-4956-942a-5d8f39389b5e
10601,48daa3ed-3a60-4745-96fb-a356ed1aadd5
10602,b6b7a954-6510-47d1-a43b-be4cd688ca68
10603,17f0bd25-06d7-40ca-8807-1219319adac7
10604,976e73d1-37cf-4f66-99a7-d410d693befa
10605,c5f8db06-51d3-410a-aa82-1f68dda53f9d
10606,311bd54b-2ea0-477f-939d-c9ff0ba8d0c7
10607,bf40dea4-fdd9-45a5-8d8c-691dd5ac2ea6
10608,63b1a2da-c53c-4569-a90d-12e713b33a68
10609,d5230e3b-d298-4bb8-b068-e128aed5712a
10610,c42b83f8-fc37-426d-9d77-12af35c1fbdb
10611,74fce654-f195-4a5a-a728-70830b3423b6
10612,bd8f8a95-26e9-4fdb-8b58-ded5b44f0671
10613,5cdf71ac-d78d-447d-a283-805d5ba33f6a
10614,5fb7c477-b27d-4fbe-82d4-562b6926dfe1
10615,733dd461-c6a6-45b7-9da9-b290ea2a2707
10616,43619e2c-2a65-42cb-9c4d-4594489f9e23
10617,2e537ec3-a754-4534-bd7c-a7d03920d0b6
10618,f802be29-a8ba-4f4d-bb4e-a58dd869ca79
10619,e59909cd-a9b8-4a36-80f3-87119b7b9cca
10620,31742782-33c8-4a6f-800a-b7057d949a3a
10621,0564616d-e305-4134-9741-246a8ac3eb30
10622,3ec396cf-5607-42be-b4ae-2cb522ae8791
10623,4a553b09-d11f-4c02-9514-10011612160e
10624,e36e30d7-026b-4777-82e8-d8c73ab82512
10625,de2f21a4-5bbe-420f-8bfc-0aba89ded61d
10626,10393d20-d84e-44a3-a2cc-36f2e2cd9264
10627,2cc049f8-bf3d-4c8a-b722-16e353767b26
10628,e0d32af9-0d4b-4ec0-8168-e962d79997d1
10629,b0639fb3-11f8-42cc-9c66-0ae1d2532a5b
10630,5da1cc7a-9ae3-4fa1-9374-d39c9e291ba2
10631,2815d430-229f-4772-ac36-f704fea33637
10632,7dcb7e36-a340-4a1f-bcb4-ed2359e0da3d
10633,137e5901-9953-471b-9cb5-d2e72ef228ca
10634,f3391c3c-1321-461a-b117-4a6d83b289d8
10635,aa9468a6-1f7a-4f54-8e7c-a2093f32c87a
10636,e22a6b08-8a4f-4ef9-a621-5dc3aa5f890e
10637,b8b914e9-b506-4f6d-a69d-e01b5793d17e
10638,c8187d2e-3e9c-462f-a84b-fc411e2e1ce5
10639,e2d0cbdd-a2bf-47aa-b8c3-099cb3927279
10640,82ed2a7b-94af-4afd-9a96-f5c73d210f13
10641,be07bb77-3dc6-4cc1-a5fa-3d34ac69c627
10642,c3adb0b7-7246-44a0-8868-5af19f533737
10643,caeda58d-00ba-459c-b61f-05e0e69013af
10644,5653942f-ff76-4236-b0c5-a15b92a23580
10645,e0e57ef6-0fd5-49fd-baf0-8631363c6272
10646,36e1f762-515b-4d4e-935f-fb4ca6b83f87
10647,d26579f9-4004-4e27-8dc4-418626094b2d
10648,96118f95-bcfd-4169-8a3d-4383d7d0b376
10649,0c358106-3cf3-4143-a663-aed5c59c409a
10650,34f089b7-3103-403b-8432-7198acb3299e
10651,e703f26c-12b6-42e7-9022-884cc09ff988
10652,d2746418-a7cb-471c-ab90-0cf87ab62e80
10653,a3d250cb-6dd2-4923-bfa5-e1527cdbcf74
10654,a4c94d1e-59f6-4194-861b-7fe99c44713f
10655,34e6f94f-781f-4010-99f8-e5eed6f9a088
10656,09d49961-1d6f-4988-80f0-2c8149b64f4e
10657,d530bc43-4183-406c-844a-e36c909fab03
10658,ae7fbb78-4d02-45ec-b316-1a8182cab4bf
10659,2479ce33-4204-4c50-b9ad-cab2586576f1
10660,d31008c0-5805-4f13-8f18-b43d3abf7141
10661,67a637c9-5733-4f36-8f5e-4b7c6016c538
10662,6e86d506-32ab-4cd6-b3fd-fe775b8c0890
10663,8db4f86d-177b-438b-ab75-6cec2231d3d9
10664,36d28380-8ca8-4e13-a650-25833ed43ce1
10665,66458f49-fc0d-4b81-89e3-e3872f8e1489
10666,7dc2961c-b2ca-42c9-9fc6-dce923221e76
10667,79814822-80e7-4a0e-b787-5f48bd080309
10668,f81dd505-54c3-4448-b245-3bdcd3900c3e
10669,5634c4c1-3695-4547-ae55-898c7a1ea9c3
10670,5e64bbb6-5d7d-4d7b-8175-1476c5019aae
10671,68aadbed-c817-48be-8582-36a877fec4cf
10672,c3cf2f9b-49c3-410f-8644-175f1bd6583a
10673,7aba18ad-c73e-4df8-915d-bb6d79b1eaaf
10674,1fe15e2c-decf-400c-893e-93a9f11ae66a
10675,812c2397-b33b-4716-b95c-41e46dcc549b
10676,8029cda7-6c41-49a5-a832-9b8d008e3b01
10677,eb1bc81e-cf21-4281-adc5-c9b235c7370f
10678,7a610667-8d35-490c-aea1-f52c22772a8a
10679,68870ef8-3b1d-42d9-822d-db70c0f0b8dc
10680,a2376de6-d4cb-4f99-b89b-2ba356e92fb1
10681,ed33fd44-3c5d-4611-8d7c-417acc24549b
10682,b1917f87-ba2b-4609-b482-389a9dc2cd02
10683,b9a21503-a1c5-4337-814a-dbaa29607d1f
10684,502ce9a6-d512-4a58-95fa-666028eaa067
10685,d1d2409f-f9cf-407d-ac3d-15d77faad1c7
10686,5bc006bd-ef17-447a-8947-86ca4f72edf6
10687,6ba72794-52f3-4530-b7fa-fd0adca9f8dd
10688,92038625-1404-47a6-b6f2-262b597fdc67
10689,162a4525-82a7-4fe3-851e-25ec3662b732
10690,e23e5973-fcae-40e2-a512-c312e0cbda78
10691,2266c59d-3917-4073-b32b-f6279a5aec46
10692,a7394332-4fb8-4323-820b-97d5f30042ff
10693,4f3fce42-9d42-465f-a0f7-689ce1d3c92f
10694,e0e97608-e965-4543-b660-4faf1b2a6292
10695,d76023f9-3d3c-471e-b593-dd870fe69997
10696,9363b8ff-31c9-470e-93ba-8d9c5fbc575a
10697,672f5e94-a62c-4843-a743-afd14c058211
10698,6b180053-f608-4dff-a3ae-ade87861f4ca
10699,52cc2ebe-5d9f-4995-aeba-b19705316b4e
10700,f6b99735-ded3-4c23-8cb9-6077b796358c
10701,15fa54b7-9913-4f7a-9ff1-5172c9a7d2df
10702,ea9e951f-202a-4050-aaee-f8532f543e2f
10703,ee24fc6a-6568-47a8-aa85-eaaf978eed58
10704,a0337b5d-d1ae-4147-bbab-8eb3e1e0137e
10705,33aaccab-bf75-47af-a2e3-f21f030b26c5
10706,1797313c-61dc-46fd-b2a3-505937815403
10707,872239c6-741a-4cd5-9e83-2c2e6fd2f475
10708,db2d19f7-7015-4cc9-84ea-bee1ca35ebba
10709,39db3474-6b24-4246-94c8-86f51cb46570
10710,ec6a9f72-80ef-46e5-860d-5548bad81d4b
10711,2b9f0ca4-b274-4af9-9af7-24a059c3a3ec
10712,d8092e4e-f515-4950-b2c9-cce7e35f056e
10713,9bdc0ba8-6142-44de-bb73-bcf956b68828
10714,d0b5497d-ce7d-4105-bd21-88a0e6f240ca
10715,4dba0b87-465a-4b87-b5bb-0b4c2bf63bde
10716,f177fd1e-57dc-47fa-b8e7-0e6881dc71eb
10717,0d064f05-b947-4a61-8ac8-a88efee98388
10718,028a1bf9-9be8-47fa-be1c-153a1bd32a88
10719,23628b32-c885-4f78-8424-9342b391bdd4
10720,fa492737-7bbd-4841-848c-28b15d9025af
10721,7e127f23-8c19-4583-aa0d-443213a1ecac
10722,e07f9b43-1553-490d-ad7a-f1486ddb3de4
10723,3fdad7c7-3079-485c-8aae-dbc05993f7db
10724,7dcab705-c9cb-46b4-b372-2595d7c927fc
10725,744eb599-d340-424a-a816-e7c693960863
10726,7ea7c2b8-d190-4d5e-bdf8-e66b6b238cca
10727,e806422a-f2ed-413c-b9f8-78665e103ded
10728,07f4463a-eba0-412f-89a6-efce421e02ec
10729,c7db52a5-cee3-4194-9150-4b17fe5df6d2
10730,3ba7d268-89f8-4e74-8abc-e656a88aebed
10731,9f5463fa-f279-4c76-8ca1-06b39ce2cc8d
10732,325aa071-c4e4-45aa-ade4-fda89b27e912
10733,d5baee4c-1f6c-44a5-9c8b-adfea3ecaee4
10734,87e1d109-9861-4261-b182-c4509c81c3df
10735,661a15d1-6dd8-422c-a11f-8c3073166919
10736,ab747b01-857f-4481-b826-46c168b80445
10737,d7290d74-bbbc-4e1c-a8c4-f73276d655a0
10738,8206f1a2-12a4-4f36-a56f-f1ab85571531
10739,fa7bb2ca-696a-4d0b-aeee-46026fda0d34
10740,20e29cff-e208-43cc-9b41-a2cacee04d94
10741,3c8e9464-e141-4a1a-a179-80aafc706b2b
10742,97ebd598-429b-43a3-8cf9-493f546e372a
10743,d0581715-ac1c-4776-ae8b-1bd9e232851b
10744,229e7636-6e3c-4ddc-bc3a-cfba172b2476
10745,8e6297a0-0c9a-4f1e-adc0-a88082997c3e
10746,80d09816-ae3c-4c11-a6e3-b31ec1afb7d4
10747,ef4ea2f0-2ebd-4603-a92d-cdf129f776e4
10748,a90ebf6e-bbb7-4ceb-a0c5-12c5f768652a
10749,61807daf-c2ac-479a-b4b2-32b2898a7aa0
10750,d02e170c-a3b7-421d-82a6-a370693128af
10751,860345d9-1458-46a6-87e9-6cbd81f2d128
10752,486b5758-2ce3-45f3-ba1f-ac0a3953aab9
10753,980bf6cb-edd2-4999-ac99-bedaad1c2885
10754,1ab0ad0d-b84e-413f-9879-aa1188cb83a9
10755,8a21a535-0fc7-4bdb-ab9a-44142d8d2dde
10756,24508720-9c43-4a0d-85c8-2cdab0142cdb
10757,cb453c50-e6fc-4343-86e0-023c349efc80
10758,dd142591-7ae5-431a-b489-75bca0c46ebe
10759,18773226-af66-4333-9999-c6e6d6ef7e15
10760,ebd854d3-fdd8-4736-a502-abb42e1b6987
10761,700d8a7c-8b56-41b1-938c-5189cba1545d
10762,b117bcdb-825c-4b81-8018-ab97dfa103a7
10763,29acb6d1-acaa-48a0-93b6-8efe62f1ceca
10764,a6ec5128-e689-46e7-b6f9-ed38571b32d9
10765,52f8fb54-40c1-4dcd-8d98-f154a3636fd4
10766,c7397ceb-dc10-45cb-8ab8-d04f49af06fc
10767,58e68ffe-cae8-44b7-8e7a-38ac05f76309
10768,c3adf728-10f7-4aee-8deb-7725705e390a
10769,7616ebda-a4be-46dd-9939-6a8911ec23b8
10770,a29e7bde-10b1-4487-bb0b-ee5dccb268eb
10771,7529cb33-6ddc-48bd-bc5c-91575a8a9a50
10772,9d8cdea9-cee6-43fc-9307-68f4c8abbd3f
10773,1025583a-2531-4074-8166-65481dda0133
10774,48914870-ebd5-4dc3-8a5b-2a320d64a3d0
10775,407fb5a8-4df7-489f-aa82-114c97b96917
10776,94d67656-1c21-46ad-91f4-5dfb38aceb49
10777,0d30f0f5-ae33-4390-9ca0-0a74540d49a2
10778,c00fb447-f750-40f7-b6a7-70ddb2aedc10
10779,c0905c9c-04d3-472a-80eb-c669273ce3cb
10780,ef11d4c9-a8d7-4312-ad20-0f658261acf2
10781,556151cf-051c-4355-a921-c4f195d4c4d5
10782,bad8879c-9c3f-439b-b1ea-7ce78f9b0224
10783,f123107d-123c-4c47-889c-5103e9ea1c8a
10784,b724926c-a33b-4e88-85f1-e86749076a77
10785,679e8e2c-a896-49bd-979a-de6ac3e3a0d0
10786,f086f54a-f0d9-420c-a161-60f30ff962e0
10787,5cdf64c3-541d-4707-b269-d4e821d3fd0e
10788,083252d3-2836-458a-b822-5bba5ad01dee
10789,5c4725b6-efd3-4ed5-b767-985964e8fbb1
10790,cd70f841-c0a1-4e63-995f-b1ffbdb08302
10791,ef4dcae2-ab83-4be4-bfdd-a6bdf5837d3a
10792,a6ea29d5-f687-4d5d-86c7-a80b2d102efe
10793,19d2a995-4059-4f97-8871-d63058fbabdd
10794,b81f67b6-8253-4320-866f-3c9d8732c8ab
10795,c189896d-15a4-4419-b991-dc9753c43aee
10796,f8da6e34-def0-4547-93ad-c4e69bb7d697
10797,6de96ef7-0fee-4e36-bcf0-a3ea7fa87101
10798,813ff9d7-a8a0-4619-9d19-891a6e1afee7
10799,e72c5818-f414-4999-a28b-fdb6daff162f
10800,fe97b177-5876-4af8-a2d2-f97a050f6fda
10801,5ab379dc-95da-4d48-b853-7af661f23efb
10802,b0928193-0998-48f5-a017-0e8dfd2e7bbb
10803,80797dff-486a-427a-92c4-46fb0627ba16
10804,ba9da6d0-7db1-4568-abb4-726201492de8
10805,e4ba9409-bda6-4d0c-bf90-8216f92ca662
10806,764365f5-0bdd-4b0e-9f1d-2a65f51c0cac
10807,e61d03fc-7a84-42d8-96fa-100ea0dc3f4a
10808,5e122fa7-b2a4-478f-bb65-f7c8682dca77
10809,4428227e-3419-4a09-a860-2b2e2bbc0d60
10810,ebb88170-414e-4d0a-acea-53c4c96afed6
10811,6441f29b-0dc8-45ba-a80e-76caf65d2686
10812,5c098744-1073-4288-a826-13d58e94b729
10813,03bc01a0-6a13-4765-ad81-b77e9a8b33f6
10814,4ce5a8c1-cfdf-4ca6-af0d-07c71066238e
10815,d0adfaac-73cc-46c0-954c-c35253b43352
10816,fd261772-5f47-40e1-977a-7063be202579
10817,d3ae155e-484c-41e2-980b-55e5a8db0694
10818,874755e1-4920-4a9b-9471-eb86c181dafd
10819,aba03c1b-0a79-429b-b607-441b8328efec
10820,8d4dc9a3-2cd9-49db-bc2f-dd3c14ec6d8e
10821,75ab5d45-132f-42aa-a13a-7c1526a4f2be
10822,a2f36261-126b-4ff7-9914-2dc9879132a7
10823,a2b4ee8a-112f-45fe-bad2-f56b7e0cd84d
10824,26f57c15-a8c1-4593-99e3-918c029a16cb
10825,ab9d85e5-35a2-4760-af42-a08051efb939
10826,3ea74e00-c509-47dc-988e-f069c59408a1
10827,d313ec0c-0144-4b6a-96d4-19b83d32b94f
10828,c68dbfbd-05bb-4b03-a02b-f36b8d33527e
10829,8aa149df-1b20-4512-937d-02cb51b5248e
10830,b2bfb43e-4309-4389-8d3c-bdd82b9fba01
10831,c6a16edb-d66f-41f5-b426-10815acf5001
10832,60b1e3a4-d2d2-49c6-8b7c-d64bb471b438
10833,5a5dec59-d6e8-4cca-ac2f-d9bec5deeb64
10834,730f4a87-608c-4590-a521-c264a1d55d0f
10835,42f5087a-d951-4081-9d9e-0b894a6b29f6
10836,2129392b-1736-4111-8a9c-2e1169b4417d
10837,5199a42c-85f4-4492-8933-44c534599558
10838,914be27d-0667-4606-b78a-e86e8262809b
10839,c2641471-a2c0-4a93-87da-7ae292132c64
10840,31544e03-8944-43cd-a392-d2effbcc2a87
10841,123c7fd5-2182-447b-a215-c214b2045153
10842,73a6c7c9-f276-4057-b70c-e1b3b1d1c418
10843,b72789e9-bf3f-4e6d-bc6e-c6a05181c97d
10844,fe9fc138-0c00-4127-8ec6-8d9d2a3ae7bf
10845,1f801dbb-f8d4-49e1-abc9-10fcedc3908f
10846,5d3e6ee0-72e7-4752-85d0-575da253ba4f
10847,7608f02b-faed-4ffb-aadb-3114571aa7ca
10848,5da8a1a4-4acd-4540-9987-8063f6dc7ca1
10849,93b8e183-9ba3-4010-89c8-cf53ad29a4e1
10850,9e9f257c-37e5-447a-91ee-a24e93786baf
10851,db173456-eb86-4ff2-8e48-fceb7dded4f4
10852,4017c36a-a48a-45c0-8320-1be9ded72058
10853,3d5b4ea8-5ea4-4a7a-a03a-95a1d6c66209
10854,dd7833e8-6f7c-465e-9146-314fd544369f
10855,c80ebd1e-ee91-480a-a1cb-93e5c04617e6
10856,1e743141-96d4-40da-920d-a62cb2a5f377
10857,eaca1792-5e5a-4e24-857e-184c86c07857
10858,c6dcb8ba-1257-4ba7-9fd5-bd1e4ac658d6
10859,40c32f06-810a-4993-97e4-e5eb4250db43
10860,9379de59-68fe-46b1-af77-dddee8008cc2
10861,73207bdf-a30e-4552-9d16-cea1fbc51d2b
10862,7d0b44e6-1284-4b76-bedf-e17f9ad5ecb8
10863,3d62ef5a-14fe-441a-94ff-1344df7daee7
10864,c9eb34fe-a92f-4263-87d4-052f360f4622
10865,1c340c9b-e37f-45a2-9baa-71a6f9e9e406
10866,8e180487-7cee-4626-9f29-8f26e2ec76bf
10867,a34c12c8-c110-4b2e-aaeb-6c3e6889b626
10868,0f59964c-a432-48a0-b390-f96a8f2e9edf
10869,51c187f2-ab26-4d47-93bd-bdd4ebd1648d
10870,df63fc5c-18ec-4977-ac31-7effe55fec93
10871,20aea3dd-4fc9-4b5d-a351-702648964fc7
10872,7f9910d7-f380-4ab3-86cc-72200b5ba2d6
10873,531ef28c-1268-401b-9d25-ce91f19e02a7
10874,a3e0f581-02d2-45a9-bd31-486551f65ac4
10875,5d0be295-fd17-410c-a157-69a0c8901111
10876,a50e8042-aa58-4428-8130-26fec2f7d2e4
10877,38cafcb5-f428-4b13-9dcf-737554935d71
10878,0dd0de26-a046-4b2c-aef2-b2304784c445
10879,e74e2e19-1aa9-4bd7-a5e9-4060cf4b36c9
10880,58603035-ae50-48a0-a635-2b308869b25f
10881,f2ad1711-dc24-4f12-b21a-8d82f79b3b94
10882,a09d2308-5146-4963-931b-482f210c70d2
10883,0a5ebdf4-751e-48d6-a74e-8e650e9967b1
10884,0262d629-685d-479a-8c04-0f24550c2328
10885,0f78e950-af0c-446f-abc2-68c499575363
10886,8566cd0b-73f0-433c-ab55-b09a045b045a
10887,2023917b-50c5-4aac-8c97-8c873a11793b
10888,e0882265-eeb4-4a79-908e-4de7217715ad
10889,f1687aae-da54-4c7f-8e83-77bbeb3a09a2
10890,5d15b5c4-fe12-4306-af0a-dfd4b97f4bfa
10891,1c72a72f-5ce5-48ff-9c97-a3bd3f2bbad6
10892,64c402c6-38c3-4aa4-8d22-18c0491dbffc
10893,581f8648-c330-47a4-a516-1b898de60039
10894,53d2547f-11f3-4b47-b602-686814832745
10895,592d6aee-36db-4dad-ad01-c68b51106dee
10896,e03b82a3-0490-469a-97f0-cdf73305ea9e
10897,7c7653b8-9b47-4938-856d-7340f355c75d
10898,f404fc52-3d96-433d-ac4d-5574b400bede
10899,a3dcdcfb-0749-449e-a090-3bf2e0e95f61
10900,cd8ee241-7887-476d-be3a-0b44657b150d
10901,b1cd5556-ae80-42d1-8a20-a7e1ed977ce4
10902,17c26916-d9f3-47ea-a0c0-b1b8b23ba72c
10903,21dc24ea-bc99-4a3b-badf-0d71650198b3
10904,122ea8aa-58e0-4059-9c03-fe601bd15ca7
10905,422cb5df-eb8b-4e62-bd69-16c34c014736
10906,c1bb67cc-f368-4f70-9463-b1d5f3995bd4
10907,4f5c4097-62a4-4a1b-a87f-c94be1039b0d
10908,c906b351-7b82-4c33-9040-2ebbb7bd4478
10909,94ba80a1-1777-483f-bb7a-0609c08fe59a
10910,3775dd22-977f-47b9-a46b-914b417209cd
10911,0bd4f817-8094-491a-babf-6517de05dc07
10912,8e85bd49-3e9a-4aee-a1fe-d860d53e1d51
10913,5704d950-c64b-4893-9db9-a22d78ef234d
10914,cbfbd399-38f6-4b89-8652-5c64fe3431ae
10915,737bad4e-e89b-4a3b-b10a-14a2c4ccc2b9
10916,752ec9d2-0005-4282-b57c-c1e6cb1df9f7
10917,e76b4639-a163-4b2e-bdf6-ef18d06798cb
10918,2f19d0e1-b37e-4643-a02d-3c8a08c5a64b
10919,80833d60-5b3a-468b-ad41-fc1db8275bed
10920,bfb178ad-feb0-4e4c-992c-80ae970e3105
10921,a44c2bb9-adbf-42eb-8f25-04208e601afb
10922,58672392-8e76-44a7-8658-dfa14d40832d
10923,fd9f0001-d956-4f57-a6c7-7e0835185d60
10924,b82131f7-19bc-4ff0-b9d7-1d1832a25805
10925,ceb81655-2e6c-4160-8539-6dd2076b4d8f
10926,73b7f2e6-5853-4c99-945e-f352d1aaccbb
10927,b0ae2f0e-07e2-4317-b09f-0793385e5d63
10928,19e68a42-0cdb-422a-ba20-8d6ec4f00468
10929,fbcfa327-95a4-4048-bb83-a56589fc366f
10930,18653834-d2cf-4326-9cc9-a30589afd0ce
10931,51edbccb-c03b-459c-b828-edc533cf204b
10932,ce393e7b-4f12-4b78-95c5-852947d4d789
10933,3fd544f2-0592-45de-b015-03feb8e2ec2e
10934,6b8efc8a-1d3f-4d0e-9b61-e3a58f962e65
10935,8f6f2720-38ff-4e5a-84fe-b29a3e41d48e
10936,991ec3ab-a03f-47ea-8c65-a4a4344f9525
10937,a460dd76-5d2e-4bbc-8773-239033b51aec
10938,d7bf584b-6030-44d3-9788-cb06049897bd
10939,ee0b0d3b-bbca-4ddd-ac31-ba1e87636606
10940,2d0c9dd8-f515-49eb-b649-3fafa1e30fc8
10941,1bcac22b-8ec5-4bcf-adea-6b69f30a7886
10942,94f8a10a-1d35-479f-af5f-5b6bfe5b81d4
10943,efe744af-53df-4aa8-9524-1c3298ae39e5
10944,073b688e-3b7c-4ef0-8e65-0f7408fe8ff2
10945,a0794dbb-5c9f-4cc0-a839-8ac8b81135e8
10946,59602de4-36b9-4a18-91b1-7ce812846d26
10947,1ea71d1a-b219-415e-a51e-d3a5966069b3
10948,e52bbd15-2187-4a15-b804-3af469a1e83b
10949,78bd8165-52f2-4626-8b14-87a2d00273ce
10950,14d301a7-4860-4bb1-8325-e18915401466
10951,640f05c8-7e3a-4a3e-9fea-d5f05fc41e99
10952,f299a421-9c9f-487d-9fbb-a46773bd2460
10953,b746b79e-6b2c-4c88-8f4a-5b025a15d550
10954,dad7b742-8d56-456e-9f11-1e5d1498a56b
10955,d362827b-cfb0-45c3-95ba-bc00c28b2c01
10956,bd9ebd0e-a99d-401f-acf0-2e4fb1f568a5
10957,e55c5381-72dd-4d65-84ca-5e611355143f
10958,7f55c308-b3f1-4e2d-8f73-b837257c82fe
10959,8257e984-790e-48e1-8c92-7634808f9a1d
10960,dcaed63b-73c8-4f88-9e9b-8d0969541e99
10961,bd507c88-695b-4c80-875c-6e0abe3095c9
10962,011aecfc-e64b-4bfa-be76-ca583e3c6808
10963,e5826610-99a2-494d-916a-a8ca95735450
10964,6f51fe18-8671-4599-b26c-7bc56f8c4eff
10965,94ab46c5-14ee-4cc5-95ea-2c8ce6129be4
10966,51198426-1225-47cd-a00a-127161488c23
10967,23546657-bd30-4c07-b8d8-853af057d2d4
10968,05290647-e6a5-4b3d-9456-ca7e70abe2a5
10969,47a66d75-6200-4afb-9237-ffd54574b9f7
10970,b86febe0-5deb-4025-8d87-1e94b8e81841
10971,9cc53314-f09b-42ce-999b-f345928f47e5
10972,4520425b-b8c6-443d-b3ea-2e973337fc81
10973,e5d2cdf4-9733-486d-b4d9-4f234b6884bd
10974,f6aed61d-cd1d-45af-87d9-7147c7e2c549
10975,3cd145fc-31af-4e38-b35d-b30fa1244209
10976,1c44638b-6000-47d3-ba99-106d332eded1
10977,74d8a83d-7c22-461f-9184-3a36ac09e691
10978,22b4de76-69be-46b5-be31-c1f3f1a3503a
10979,9be48b05-6e38-4ed1-aac7-812d6d6892b1
10980,2e9b3759-d067-4016-a020-c84ffbf2e0cd
10981,201c0449-6836-43f2-b2ee-496528ad1d25
10982,d7ad7793-d0a9-427f-88a2-8a293f2c5456
10983,1f1a72f0-0dae-4fc2-9b87-0030544bf200
10984,43ced812-ef16-4c8a-ad97-36f9e73700fb
10985,99186d83-e45c-4a0e-9a04-5c0b4c0e334f
10986,6fdece47-f413-48e7-89f9-9667d6ab4969
10987,109d0994-104c-48d5-b0d5-0d20ccbdba20
10988,47ca163e-83ff-4423-9be8-65b1533b747f
10989,ce127aec-ec58-46ca-ab0d-73235fc4a727
10990,5fa5a522-046a-461b-8db1-3a153ac6d051
10991,e91fd09b-2ded-4d7f-af4e-073d1cc57b56
10992,8b2fd3d1-502c-4d42-8a84-c682002a9002
10993,514cc573-3d3b-4cef-9046-b0edd70b5a44
10994,b3619874-e5fb-4dfc-b2d1-08119293bc1a
10995,123f12fb-c512-4163-bbd0-a17c291e5d93
10996,d2f7cb84-1695-4fb4-bec7-7dbd46b939c8
10997,c240d7eb-04dd-4108-8e68-96837c8089ff
10998,bc8c9477-c4ce-4b76-981b-b60e6ca7123b
10999,8cbaf370-d6bc-4742-b2c7-06d852aa91c5
